{"cameraMode":{"drawMode":0,"name":"Shaded","section":"Shading Mode"},"sceneLighting":true,"audioPlay":false,"sceneViewState":{"showFog":true,"showMaterialUpdate":false,"showSkybox":true,"showFlares":true,"showImageEffects":true,"showParticleSystems":true},"in2DMode":false,"pivot":{"x":-0.881197452545166,"y":0.6500000357627869,"z":-0.3370009660720825},"rotation":{"x":0.03878875821828842,"y":0.9370021820068359,"z":-0.11042649298906326,"w":0.3291356563568115},"size":6.467395782470703,"orthographic":false}