{"cameraMode":{"drawMode":0,"name":"Shaded","section":"Shading Mode"},"sceneLighting":false,"audioPlay":false,"sceneViewState":{"showFog":true,"showMaterialUpdate":false,"showSkybox":false,"showFlares":true,"showImageEffects":true,"showParticleSystems":true},"in2DMode":false,"pivot":{"x":0.0,"y":0.7321545481681824,"z":0.021985620260238649},"rotation":{"x":-0.12527932226657868,"y":0.8741047382354736,"z":-0.3489358127117157,"w":-0.31383252143859866},"size":4.264975547790527,"orthographic":false}