{"cameraMode":{"drawMode":0,"name":"Shaded","section":"Shading Mode"},"sceneLighting":true,"audioPlay":false,"sceneViewState":{"showFog":true,"showMaterialUpdate":false,"showSkybox":true,"showFlares":true,"showImageEffects":true,"showParticleSystems":true},"in2DMode":false,"pivot":{"x":3.078498363494873,"y":0.8960092067718506,"z":-0.11127841472625733},"rotation":{"x":0.010554994456470013,"y":0.6954128742218018,"z":0.010216821916401387,"w":-0.7184625864028931},"size":4.0502424240112309,"orthographic":false}