{"cameraMode":{"drawMode":0,"name":"Shaded","section":"Shading Mode"},"sceneLighting":true,"audioPlay":false,"sceneViewState":{"showFog":true,"showMaterialUpdate":false,"showSkybox":true,"showFlares":true,"showImageEffects":true,"showParticleSystems":true},"in2DMode":false,"pivot":{"x":3.406371593475342,"y":8.22923469543457,"z":-2.8720345497131349},"rotation":{"x":0.22870586812496186,"y":-0.29107290506362917,"z":0.07193244993686676,"w":0.9262187480926514},"size":22.0,"orthographic":false}