{"cameraMode":{"drawMode":0,"name":"Shaded","section":"Shading Mode"},"sceneLighting":true,"audioPlay":false,"sceneViewState":{"showFog":true,"showMaterialUpdate":false,"showSkybox":true,"showFlares":true,"showImageEffects":true,"showParticleSystems":true},"in2DMode":false,"pivot":{"x":1.9295811653137208,"y":2.2898874282836916,"z":-11.668712615966797},"rotation":{"x":0.3791373074054718,"y":-0.047713059931993487,"z":0.01959804818034172,"w":0.9239313006401062},"size":15.615629196166993,"orthographic":false}