{"cameraMode":{"drawMode":0,"name":"Shaded","section":"Shading Mode"},"sceneLighting":true,"audioPlay":false,"sceneViewState":{"showFog":true,"showMaterialUpdate":false,"showSkybox":true,"showFlares":true,"showImageEffects":true,"showParticleSystems":true},"in2DMode":false,"pivot":{"x":9.712520599365235,"y":4.810471057891846,"z":-18.776777267456056},"rotation":{"x":0.44962936639785769,"y":0.5350253582000732,"z":-0.4108850359916687,"w":0.5854883790016174},"size":-0.6437243223190308,"orthographic":false}