{"cameraMode":{"drawMode":0,"name":"Shaded","section":"Shading Mode"},"sceneLighting":false,"audioPlay":false,"sceneViewState":{"showFog":true,"showMaterialUpdate":false,"showSkybox":false,"showFlares":true,"showImageEffects":true,"showParticleSystems":true},"in2DMode":false,"pivot":{"x":0.0,"y":3.565500020980835,"z":0.021985620260238649},"rotation":{"x":-0.3326658606529236,"y":0.3839311897754669,"z":-0.15059979259967805,"w":-0.8480943441390991},"size":13.719244956970215,"orthographic":false}