{"cameraMode":{"drawMode":0,"name":"Shaded","section":"Shading Mode"},"sceneLighting":true,"audioPlay":false,"sceneViewState":{"showFog":true,"showMaterialUpdate":false,"showSkybox":true,"showFlares":true,"showImageEffects":true,"showParticleSystems":true},"in2DMode":false,"pivot":{"x":0.26170268654823305,"y":0.6264476180076599,"z":8.382314682006836},"rotation":{"x":0.30515554547309878,"y":0.333052396774292,"z":-0.1148194670677185,"w":0.8847927451133728},"size":0.6976555585861206,"orthographic":false}