{"cameraMode":{"drawMode":0,"name":"Shaded","section":"Shading Mode"},"sceneLighting":true,"audioPlay":false,"sceneViewState":{"showFog":true,"showMaterialUpdate":false,"showSkybox":true,"showFlares":true,"showImageEffects":true,"showParticleSystems":true},"in2DMode":false,"pivot":{"x":9.16372299194336,"y":0.33238092064857485,"z":-14.471512794494629},"rotation":{"x":0.21456654369831086,"y":-0.6144736409187317,"z":0.1784595251083374,"w":0.7380583882331848},"size":31.825605392456056,"orthographic":false}