{"cameraMode":{"drawMode":0,"name":"Shaded","section":"Shading Mode"},"sceneLighting":true,"audioPlay":false,"sceneViewState":{"showFog":true,"showMaterialUpdate":false,"showSkybox":true,"showFlares":true,"showImageEffects":true,"showParticleSystems":true},"in2DMode":false,"pivot":{"x":2.3255465030670168,"y":0.7904751300811768,"z":-14.797064781188965},"rotation":{"x":-0.013517480343580246,"y":0.7804958820343018,"z":0.014143096283078194,"w":0.6250973343849182},"size":3.5507969856262209,"orthographic":false}