{"cameraMode":{"drawMode":0,"name":"Shaded","section":"Shading Mode"},"sceneLighting":true,"audioPlay":false,"sceneViewState":{"showFog":true,"showMaterialUpdate":false,"showSkybox":true,"showFlares":true,"showImageEffects":true,"showParticleSystems":true},"in2DMode":false,"pivot":{"x":-0.720081090927124,"y":-0.1912458837032318,"z":-11.169034957885743},"rotation":{"x":0.39880692958831789,"y":0.06511679291725159,"z":-0.028428485617041589,"w":0.9143020510673523},"size":11.839284896850586,"orthographic":false}