{"cameraMode":{"drawMode":0,"name":"Shaded","section":"Shading Mode"},"sceneLighting":false,"audioPlay":false,"sceneViewState":{"showFog":true,"showMaterialUpdate":false,"showSkybox":false,"showFlares":true,"showImageEffects":true,"showParticleSystems":true},"in2DMode":false,"pivot":{"x":0.0,"y":0.7321545481681824,"z":0.021985620260238649},"rotation":{"x":0.2501700222492218,"y":-0.21526028215885163,"z":0.05513767898082733,"w":0.942528247833252},"size":4.264975547790527,"orthographic":false}