{"cameraMode":{"drawMode":0,"name":"Shaded","section":"Shading Mode"},"sceneLighting":false,"audioPlay":false,"sceneViewState":{"showFog":true,"showMaterialUpdate":false,"showSkybox":false,"showFlares":true,"showImageEffects":true,"showParticleSystems":true},"in2DMode":false,"pivot":{"x":30.031070709228517,"y":-0.3160689175128937,"z":-2.4151179790496828},"rotation":{"x":0.015607398003339768,"y":0.01531711034476757,"z":-0.00037893548142164946,"w":0.9998481869697571},"size":180.8437957763672,"orthographic":false}