{"cameraMode":{"drawMode":0,"name":"Shaded","section":"Shading Mode"},"sceneLighting":true,"audioPlay":false,"sceneViewState":{"showFog":true,"showMaterialUpdate":false,"showSkybox":true,"showFlares":true,"showImageEffects":true,"showParticleSystems":true},"in2DMode":false,"pivot":{"x":-6.401411533355713,"y":5.581932544708252,"z":-1.0303940773010255},"rotation":{"x":0.15606731176376344,"y":-0.11615724116563797,"z":0.018482329323887826,"w":0.9807319045066834},"size":5.184305667877197,"orthographic":false}