{"cameraMode":{"drawMode":0,"name":"Shaded","section":"Shading Mode"},"sceneLighting":false,"audioPlay":false,"sceneViewState":{"showFog":true,"showMaterialUpdate":false,"showSkybox":false,"showFlares":true,"showImageEffects":true,"showParticleSystems":true},"in2DMode":false,"pivot":{"x":-10.558755874633789,"y":0.75,"z":-21.22184181213379},"rotation":{"x":-0.1396203190088272,"y":-0.45263034105300906,"z":0.07265029102563858,"w":-0.8779743313789368},"size":2.245002269744873,"orthographic":true}