{"cameraMode":{"drawMode":0,"name":"Shaded","section":"Shading Mode"},"sceneLighting":false,"audioPlay":false,"sceneViewState":{"showFog":true,"showMaterialUpdate":false,"showSkybox":false,"showFlares":true,"showImageEffects":true,"showParticleSystems":true},"in2DMode":false,"pivot":{"x":0.35006141662597659,"y":5.445432662963867,"z":0.7531216144561768},"rotation":{"x":-0.0878019705414772,"y":-0.005893902387470007,"z":0.0013490174897015095,"w":-0.996241569519043},"size":9.881860733032227,"orthographic":false}