{"cameraMode":{"drawMode":0,"name":"Shaded","section":"Shading Mode"},"sceneLighting":false,"audioPlay":false,"sceneViewState":{"showFog":true,"showMaterialUpdate":false,"showSkybox":false,"showFlares":true,"showImageEffects":true,"showParticleSystems":true},"in2DMode":false,"pivot":{"x":-0.31538090109825137,"y":3.1026077270507814,"z":-0.11467225849628449},"rotation":{"x":-0.021920138970017434,"y":0.06297987699508667,"z":-0.0005571135552600026,"w":-0.9978969693183899},"size":6.069404602050781,"orthographic":false}