{"cameraMode":{"drawMode":0,"name":"Shaded","section":"Shading Mode"},"sceneLighting":true,"audioPlay":false,"sceneViewState":{"showFog":true,"showMaterialUpdate":false,"showSkybox":true,"showFlares":true,"showImageEffects":true,"showParticleSystems":true},"in2DMode":false,"pivot":{"x":-5.724756240844727,"y":4.726583480834961,"z":-13.088953018188477},"rotation":{"x":-0.35030144453048708,"y":0.5650696158409119,"z":-0.28559669852256777,"w":-0.6904057860374451},"size":15.053311347961426,"orthographic":false}