{"cameraMode":{"drawMode":0,"name":"Shaded","section":"Shading Mode"},"sceneLighting":false,"audioPlay":false,"sceneViewState":{"showFog":true,"showMaterialUpdate":false,"showSkybox":false,"showFlares":true,"showImageEffects":true,"showParticleSystems":true},"in2DMode":false,"pivot":{"x":2.448648452758789,"y":1.281105637550354,"z":-12.476062774658204},"rotation":{"x":0.0014690966345369816,"y":-0.9949287176132202,"z":-0.011604467406868935,"w":-0.10153418034315109},"size":3.402160167694092,"orthographic":false}