{"cameraMode":{"drawMode":0,"name":"Shaded","section":"Shading Mode"},"sceneLighting":true,"audioPlay":false,"sceneViewState":{"showFog":true,"showMaterialUpdate":false,"showSkybox":true,"showFlares":true,"showImageEffects":true,"showParticleSystems":true},"in2DMode":false,"pivot":{"x":-1.6442351341247559,"y":2.281646966934204,"z":0.8598002195358276},"rotation":{"x":-0.3056192100048065,"y":-0.3015192151069641,"z":0.10334039479494095,"w":-0.8974990844726563},"size":16.762588500976564,"orthographic":true}