{"cameraMode":{"drawMode":0,"name":"Shaded","section":"Shading Mode"},"sceneLighting":false,"audioPlay":false,"sceneViewState":{"showFog":true,"showMaterialUpdate":false,"showSkybox":false,"showFlares":true,"showImageEffects":true,"showParticleSystems":true},"in2DMode":false,"pivot":{"x":-2.3814213275909426,"y":0.3387792110443115,"z":8.968570709228516},"rotation":{"x":0.007466942071914673,"y":-0.9525362849235535,"z":0.02177227847278118,"w":0.30437782406806948},"size":3.732513427734375,"orthographic":true}