{"cameraMode":{"drawMode":0,"name":"Shaded","section":"Shading Mode"},"sceneLighting":true,"audioPlay":false,"sceneViewState":{"showFog":true,"showMaterialUpdate":false,"showSkybox":true,"showFlares":true,"showImageEffects":true,"showParticleSystems":true},"in2DMode":false,"pivot":{"x":5.179323673248291,"y":1.897086501121521,"z":-9.141667366027832},"rotation":{"x":0.12214335054159165,"y":0.7083922624588013,"z":-0.12768962979316712,"w":0.6835240721702576},"size":8.465539932250977,"orthographic":false}