{"cameraMode":{"drawMode":0,"name":"Shaded","section":"Shading Mode"},"sceneLighting":false,"audioPlay":false,"sceneViewState":{"showFog":true,"showMaterialUpdate":false,"showSkybox":false,"showFlares":true,"showImageEffects":true,"showParticleSystems":true},"in2DMode":false,"pivot":{"x":-9.640170097351075,"y":8.649862289428711,"z":-9.798293113708496},"rotation":{"x":-0.07882525026798248,"y":0.031475432217121127,"z":-0.0016554442699998618,"w":-0.9965111017227173},"size":20.09630584716797,"orthographic":false}