{"cameraMode":{"drawMode":0,"name":"Shaded","section":"Shading Mode"},"sceneLighting":true,"audioPlay":false,"sceneViewState":{"showFog":true,"showMaterialUpdate":false,"showSkybox":true,"showFlares":true,"showImageEffects":true,"showParticleSystems":true},"in2DMode":false,"pivot":{"x":-0.017065584659576417,"y":1.8028793334960938,"z":-0.01632511615753174},"rotation":{"x":-0.11054381728172302,"y":0.7897689342498779,"z":-0.14855562150478364,"w":-0.5851343870162964},"size":9.698466300964356,"orthographic":true}