{"cameraMode":{"drawMode":0,"name":"Shaded","section":"Shading Mode"},"sceneLighting":true,"audioPlay":false,"sceneViewState":{"showFog":true,"showMaterialUpdate":false,"showSkybox":true,"showFlares":true,"showImageEffects":true,"showParticleSystems":true},"in2DMode":false,"pivot":{"x":9.329999923706055,"y":9.800000190734864,"z":-20.510000228881837},"rotation":{"x":-0.30536022782325747,"y":0.5385335087776184,"z":-0.2174988090991974,"w":-0.7548731565475464},"size":19.161645889282228,"orthographic":true}