{"cameraMode":{"drawMode":0,"name":"Shaded","section":"Shading Mode"},"sceneLighting":false,"audioPlay":false,"sceneViewState":{"showFog":true,"showMaterialUpdate":false,"showSkybox":false,"showFlares":true,"showImageEffects":true,"showParticleSystems":true},"in2DMode":false,"pivot":{"x":-1.9159408807754517,"y":6.0529632568359379,"z":0.0705074891448021},"rotation":{"x":-0.04739021882414818,"y":0.043493010103702548,"z":-0.001234938856214285,"w":-0.9980506896972656},"size":9.427836418151856,"orthographic":false}