{"cameraMode":{"drawMode":0,"name":"Shaded","section":"Shading Mode"},"sceneLighting":true,"audioPlay":false,"sceneViewState":{"showFog":true,"showMaterialUpdate":false,"showSkybox":true,"showFlares":true,"showImageEffects":true,"showParticleSystems":true},"in2DMode":false,"pivot":{"x":0.9660131335258484,"y":5.387648582458496,"z":-3.4055728912353517},"rotation":{"x":-0.16916842758655549,"y":-0.5015683770179749,"z":0.10085882246494293,"w":-0.8426395654678345},"size":56.79353713989258,"orthographic":true}