{"cameraMode":{"drawMode":0,"name":"Shaded","section":"Shading Mode"},"sceneLighting":true,"audioPlay":false,"sceneViewState":{"showFog":true,"showMaterialUpdate":false,"showSkybox":true,"showFlares":true,"showImageEffects":true,"showParticleSystems":true},"in2DMode":false,"pivot":{"x":4.996038436889648,"y":0.18059393763542176,"z":-8.085882186889649},"rotation":{"x":0.09301398694515228,"y":-0.7907930612564087,"z":0.1207888200879097,"w":0.5930578112602234},"size":7.712407112121582,"orthographic":false}