{"cameraMode":{"drawMode":0,"name":"Shaded","section":"Shading Mode"},"sceneLighting":true,"audioPlay":false,"sceneViewState":{"showFog":true,"showMaterialUpdate":false,"showSkybox":true,"showFlares":true,"showImageEffects":true,"showParticleSystems":true},"in2DMode":false,"pivot":{"x":3.76770281791687,"y":0.5582102537155151,"z":-8.651117324829102},"rotation":{"x":-0.1743534505367279,"y":-0.49620866775512698,"z":0.1030883863568306,"w":-0.844542384147644},"size":2.9717319011688234,"orthographic":true}