{"cameraMode":{"drawMode":0,"name":"Shaded","section":"Shading Mode"},"sceneLighting":true,"audioPlay":false,"sceneViewState":{"showFog":true,"showMaterialUpdate":false,"showSkybox":true,"showFlares":true,"showImageEffects":true,"showParticleSystems":true},"in2DMode":false,"pivot":{"x":-1.5829362869262696,"y":0.5521578192710877,"z":-13.924356460571289},"rotation":{"x":-0.19138529896736146,"y":0.6855413317680359,"z":-0.19016408920288087,"w":-0.6765037178993225},"size":8.208654403686524,"orthographic":false}