{"cameraMode":{"drawMode":0,"name":"Shaded","section":"Shading Mode"},"sceneLighting":false,"audioPlay":false,"sceneViewState":{"showFog":true,"showMaterialUpdate":false,"showSkybox":false,"showFlares":true,"showImageEffects":true,"showParticleSystems":true},"in2DMode":false,"pivot":{"x":-4.0,"y":0.453000009059906,"z":-0.009999990463256836},"rotation":{"x":-0.1396203190088272,"y":-0.45263034105300906,"z":0.07265029102563858,"w":-0.8779743313789368},"size":2.441108226776123,"orthographic":true}