{"cameraMode":{"drawMode":0,"name":"Shaded","section":"Shading Mode"},"sceneLighting":true,"audioPlay":false,"sceneViewState":{"showFog":true,"showMaterialUpdate":false,"showSkybox":true,"showFlares":true,"showImageEffects":true,"showParticleSystems":true},"in2DMode":false,"pivot":{"x":-5.130000114440918,"y":3.9650001525878908,"z":-10.470000267028809},"rotation":{"x":-0.18123173713684083,"y":0.2990354299545288,"z":-0.05762749910354614,"w":-0.9352626800537109},"size":14.694961547851563,"orthographic":false}